Boyan,Cheng,bychengShuyu,Ding,shuyuddLang,Feng,langfengMian,Jia,jiamianTom,Koosalapeerom,koosLeo,Li,dongxuliSa,Li,lisamichWen,Li,claraliLihe,Lin,linlihePrerna,,prernaLingmei,Shen,lynnshenShaofeng,Shen,sfshenXiaoman,Wang,wxmMengting,Xia,mengtxiaAixi,Zhang,aixiZeyu,Zhang,zeyuzFanyi,Zhou,zhoufanZhang,Zhou,superzzWenyu,Zhu,wenyuz