Jason,Chen,chenzhuoKate,Ding,katedingYushen,Dong,dyushenQiao,Duan,qiaoduanChen,Guo,guochenRui,Liu,raeliuYiya,Luo,luoyiyaDapeng,Sheng,dpshangChenyu,Song,songcynbXianqi,Su,xiangqsuLemin,Tian,lmtianWebb,Wang,xiangyuwZihua,Wu,wuzihuaYiran,Xie,yiranxieShuaiyu,Xu,shuaiyuxHanxi,Ye,hanxiyeFiona,Zhuang,fionazy